Timestamp,State Of Charge_SoC,Charging Power_kW,Charging Voltage_V,Charging Current_A,Battery Temperature_C,Vehicle Speed_kmh,Regenerative Power_kW,Energy Supplied_kWh,Motor RPM,Time Elapsed_s
20-02-2025 03:26,20,3.338,210.142,15.886,35.284,119.279,0,0.005,2704.401,0
20-02-2025 03:31,20.675,3.803,356.151,10.679,33.799,119.329,0,0.342,4233.309,300
20-02-2025 03:36,21.32,3.063,297.217,10.306,30.975,43.781,0,0.665,1725.42,600
20-02-2025 03:41,21.892,4.499,286.637,15.694,34.431,44.484,0,0.951,2037.398,900
20-02-2025 03:46,22.546,6.357,454.096,13.999,30.887,6.008,0,1.277,2056.363,1200
20-02-2025 03:51,23.185,3.577,459.304,7.788,33.531,10.433,0,1.597,4716.481,1500
20-02-2025 03:56,23.872,1.558,280.341,5.556,32.621,50.263,0,1.94,5895.404,1800
20-02-2025 04:01,24.593,6.546,308.357,21.228,32.883,45.232,0,2.301,4012.005,2100
20-02-2025 04:06,25.289,5.155,483.563,10.66,28.911,68.483,0,2.649,1679.429,2400
20-02-2025 04:11,25.973,3.089,306.535,10.079,28.898,104.854,0,2.991,5475.64,2700
20-02-2025 04:16,26.663,6.014,222.596,27.017,36.989,67.559,0,3.336,1963.759,3000
20-02-2025 04:21,27.334,2.073,453.191,4.573,24.961,19.354,0,3.672,3266.959,3300
20-02-2025 04:26,27.968,1.225,269.13,4.552,33.145,104.774,0,3.989,5199.853,3600
20-02-2025 04:31,28.62,3.616,273.964,13.199,37.971,78.921,0,4.315,149.961,3900
20-02-2025 04:36,29.206,5.041,492.298,10.24,33.319,15.518,0,4.608,1036.96,4200
20-02-2025 04:41,29.919,3.739,481.232,7.77,25.757,101.929,0,4.964,3260.795,4500
20-02-2025 04:46,30.562,1.679,482.374,3.48,28.7,76.651,0,5.286,5039.789,4800
20-02-2025 04:51,31.285,2.068,390.165,5.301,39.702,95.459,0,5.647,3017.772,5100
20-02-2025 04:56,31.896,1.632,344.117,4.743,39.427,52.121,0,5.952,19.414,5400
20-02-2025 05:01,32.589,2.719,212.162,12.815,35.378,17.319,0,6.299,4975.451,5700
20-02-2025 05:06,33.209,4.586,408.733,11.219,35.917,47.112,0,6.609,1194.12,6000
20-02-2025 05:11,33.902,5.149,466.035,11.049,29.823,9.253,0,6.956,2366.666,6300
20-02-2025 05:16,34.531,5.762,422.791,13.629,23.985,76.173,0,7.27,3817.57,6600
20-02-2025 05:21,35.198,2.558,415.942,6.15,27.145,115.019,0,7.604,683.386,6900
20-02-2025 05:26,35.844,5.081,461.232,11.017,36.77,53.731,0,7.927,3694.519,7200
20-02-2025 05:31,36.546,4.429,404.704,10.944,22.408,64.059,0,8.278,2122.333,7500
20-02-2025 05:36,37.19,1.626,275.143,5.91,29.796,111.367,0,8.6,4336.841,7800
20-02-2025 05:41,37.828,5.059,400.851,12.621,20.498,8.387,0,8.918,196.757,8100
20-02-2025 05:46,38.534,5.38,321.173,16.751,22.654,117.283,0,9.272,1892.903,8400
20-02-2025 05:51,39.286,4.242,469.631,9.033,38.758,4.833,0,9.648,695.642,8700
20-02-2025 05:56,39.933,1.631,418.757,3.896,27.16,29.697,0,9.971,4932.01,9000
20-02-2025 06:01,40.614,5.568,445.145,12.508,36.796,109.917,0,10.311,1205.824,9300
20-02-2025 06:06,41.263,5.682,282.956,20.081,30.14,95.365,0,10.636,1942.315,9600
20-02-2025 06:11,41.946,3.288,336.859,9.759,20.415,38.871,0,10.978,2615.124,9900
20-02-2025 06:16,42.611,4.373,279.77,15.63,28.389,20.431,0,11.31,3741.359,10200
20-02-2025 06:21,43.276,4.308,416.484,10.344,30.1,109.826,0,11.643,839.4,10500
20-02-2025 06:26,43.947,4.283,420.786,10.178,31.49,34.567,0,11.978,2083.997,10800
20-02-2025 06:31,44.612,5.582,273.92,20.38,36.536,111.44,0,12.31,2841.905,11100
20-02-2025 06:36,45.216,4.47,330.42,13.528,22.957,65.461,0,12.613,1551.431,11400
20-02-2025 06:41,45.869,2.827,241.257,11.717,32.848,29.459,0,12.939,1429.278,11700
20-02-2025 06:46,46.522,1.065,284.729,3.741,27.457,56.62,0,13.266,5605.815,12000
20-02-2025 06:51,47.127,5.464,273.803,19.955,24.6,59.011,0,13.568,1007.507,12300
20-02-2025 06:56,47.75,6.899,342.026,20.17,39.388,16.995,0,13.88,537.955,12600
20-02-2025 07:01,48.398,2.11,333.131,6.333,36.145,54.593,0,14.204,5490.706,12900
20-02-2025 07:06,49.102,4.33,218.646,19.806,25.952,11.319,0,14.556,3975.624,13200
20-02-2025 07:11,49.76,4.64,323.656,14.335,30.894,114.652,0,14.885,4065.176,13500
20-02-2025 07:16,50.412,6.276,202.4,31.007,26.004,30.552,0,15.21,4758.64,13800
20-02-2025 07:21,51.107,5.983,314.673,19.012,30.813,76.702,0,15.558,5926.326,14100
20-02-2025 07:26,51.735,5.632,362.059,15.554,33.138,65.968,0,15.872,5604.708,14400
20-02-2025 07:31,52.326,3.828,270.076,14.175,21.394,54.7,0,16.168,3691.841,14700
